-- Demo data — the same five projects from the prototype, so the live app
-- looks identical to what the customer already saw. Safe to delete once
-- real projects are entered; run schema.sql first.

insert into projects (id, name, type, address, client, status, phase, percent_complete, start_date, target_date, budget_total, budget_spent, pm, superintendent) values
  ('11111111-1111-1111-1111-111111111111', 'Hendricks Residence', 'New Build', '4212 Maplewood Ct', 'Tom & Dana Hendricks', 'On Schedule', 'Framing', 49, '2026-02-10', '2026-11-15', 685000, 246000, 'Carla Diaz', 'Mike Torres'),
  ('22222222-2222-2222-2222-222222222222', 'Sutter St ADU', 'Accessory Dwelling Unit', '118 Sutter St', 'Priya Nair', 'Behind Schedule', 'Rough-In', 78, '2026-01-20', '2026-08-01', 210000, 132000, 'Carla Diaz', 'Jamal Reed'),
  ('33333333-3333-3333-3333-333333333333', 'Maple Ridge Remodel', 'Kitchen & Primary Suite Remodel', '76 Maple Ridge Dr', 'The Whitfield Family', 'Punch List', 'Punch List', 91, '2025-11-01', '2026-07-10', 178000, 171500, 'Sam Okafor', 'Mike Torres'),
  ('44444444-4444-4444-4444-444444444444', 'Coastal View Addition', 'Second-Story Addition', '902 Ocean Bluff Rd', 'Renata Cruz', 'Pre-Construction', 'Permitting', 4, '2026-07-20', '2027-03-01', 340000, 12000, 'Sam Okafor', 'Jamal Reed'),
  ('55555555-5555-5555-5555-555555555555', 'Birchwood Custom Home', 'New Build', '55 Birchwood Ln', 'The Alvarez Family', 'On Schedule', 'Foundation', 15, '2026-05-05', '2027-02-20', 520000, 68000, 'Carla Diaz', 'Mike Torres');

insert into schedule_phases (project_id, phase, start_date, end_date, status, trade, sort_order) values
  ('11111111-1111-1111-1111-111111111111', 'Permitting', '2026-02-10', '2026-03-01', 'Complete', 'Admin', 1),
  ('11111111-1111-1111-1111-111111111111', 'Site Prep & Excavation', '2026-03-02', '2026-03-20', 'Complete', 'Site Work', 2),
  ('11111111-1111-1111-1111-111111111111', 'Foundation', '2026-03-21', '2026-04-25', 'Complete', 'Concrete', 3),
  ('11111111-1111-1111-1111-111111111111', 'Framing', '2026-04-28', '2026-07-20', 'In Progress', 'Framing', 4),
  ('11111111-1111-1111-1111-111111111111', 'Rough-In (MEP)', '2026-07-21', '2026-08-28', 'Upcoming', 'MEP', 5),
  ('11111111-1111-1111-1111-111111111111', 'Insulation & Drywall', '2026-08-29', '2026-09-25', 'Upcoming', 'Drywall', 6),
  ('11111111-1111-1111-1111-111111111111', 'Interior Finishes', '2026-09-26', '2026-10-25', 'Upcoming', 'Finish', 7),
  ('11111111-1111-1111-1111-111111111111', 'Final Inspections & Punch', '2026-10-26', '2026-11-15', 'Upcoming', 'Admin', 8),

  ('22222222-2222-2222-2222-222222222222', 'Permitting', '2026-01-20', '2026-02-10', 'Complete', 'Admin', 1),
  ('22222222-2222-2222-2222-222222222222', 'Site Prep & Foundation', '2026-02-11', '2026-03-15', 'Complete', 'Concrete', 2),
  ('22222222-2222-2222-2222-222222222222', 'Framing', '2026-03-16', '2026-04-30', 'Complete', 'Framing', 3),
  ('22222222-2222-2222-2222-222222222222', 'Rough-In (MEP)', '2026-05-01', '2026-07-10', 'Delayed', 'MEP', 4),
  ('22222222-2222-2222-2222-222222222222', 'Insulation & Drywall', '2026-07-11', '2026-07-28', 'Upcoming', 'Drywall', 5),
  ('22222222-2222-2222-2222-222222222222', 'Interior Finishes', '2026-07-29', '2026-08-01', 'Upcoming', 'Finish', 6),

  ('33333333-3333-3333-3333-333333333333', 'Demo', '2025-11-01', '2025-11-15', 'Complete', 'Demo', 1),
  ('33333333-3333-3333-3333-333333333333', 'Rough-In (MEP)', '2025-11-16', '2025-12-20', 'Complete', 'MEP', 2),
  ('33333333-3333-3333-3333-333333333333', 'Drywall & Paint', '2025-12-21', '2026-02-05', 'Complete', 'Drywall', 3),
  ('33333333-3333-3333-3333-333333333333', 'Cabinetry & Tile', '2026-02-06', '2026-04-30', 'Complete', 'Finish', 4),
  ('33333333-3333-3333-3333-333333333333', 'Fixtures & Trim', '2026-05-01', '2026-06-15', 'Complete', 'Finish', 5),
  ('33333333-3333-3333-3333-333333333333', 'Final Inspections & Punch', '2026-06-16', '2026-07-10', 'In Progress', 'Admin', 6),

  ('44444444-4444-4444-4444-444444444444', 'Design & Engineering', '2026-06-01', '2026-07-19', 'In Progress', 'Admin', 1),
  ('44444444-4444-4444-4444-444444444444', 'Permitting', '2026-07-20', '2026-08-25', 'Upcoming', 'Admin', 2),
  ('44444444-4444-4444-4444-444444444444', 'Demo & Shoring', '2026-08-26', '2026-09-10', 'Upcoming', 'Demo', 3),
  ('44444444-4444-4444-4444-444444444444', 'Framing', '2026-09-11', '2026-11-15', 'Upcoming', 'Framing', 4),
  ('44444444-4444-4444-4444-444444444444', 'Rough-In (MEP)', '2026-11-16', '2026-12-20', 'Upcoming', 'MEP', 5),
  ('44444444-4444-4444-4444-444444444444', 'Finishes', '2026-12-21', '2027-02-15', 'Upcoming', 'Finish', 6),
  ('44444444-4444-4444-4444-444444444444', 'Final Inspections & Punch', '2027-02-16', '2027-03-01', 'Upcoming', 'Admin', 7),

  ('55555555-5555-5555-5555-555555555555', 'Permitting', '2026-05-05', '2026-05-28', 'Complete', 'Admin', 1),
  ('55555555-5555-5555-5555-555555555555', 'Site Prep & Excavation', '2026-05-29', '2026-06-15', 'Complete', 'Site Work', 2),
  ('55555555-5555-5555-5555-555555555555', 'Foundation', '2026-06-16', '2026-07-25', 'In Progress', 'Concrete', 3),
  ('55555555-5555-5555-5555-555555555555', 'Framing', '2026-07-26', '2026-10-10', 'Upcoming', 'Framing', 4),
  ('55555555-5555-5555-5555-555555555555', 'Rough-In (MEP)', '2026-10-11', '2026-11-20', 'Upcoming', 'MEP', 5),
  ('55555555-5555-5555-5555-555555555555', 'Insulation & Drywall', '2026-11-21', '2026-12-18', 'Upcoming', 'Drywall', 6),
  ('55555555-5555-5555-5555-555555555555', 'Interior Finishes', '2026-12-19', '2027-02-05', 'Upcoming', 'Finish', 7),
  ('55555555-5555-5555-5555-555555555555', 'Final Inspections & Punch', '2027-02-06', '2027-02-20', 'Upcoming', 'Admin', 8);

insert into budget_items (project_id, category, budgeted, actual) values
  ('11111111-1111-1111-1111-111111111111', 'Site Work', 42000, 41200),
  ('11111111-1111-1111-1111-111111111111', 'Foundation', 68000, 66500),
  ('11111111-1111-1111-1111-111111111111', 'Framing', 145000, 98000),
  ('11111111-1111-1111-1111-111111111111', 'Roofing', 38000, 0),
  ('11111111-1111-1111-1111-111111111111', 'Plumbing', 52000, 12000),
  ('11111111-1111-1111-1111-111111111111', 'Electrical', 47000, 9000),
  ('11111111-1111-1111-1111-111111111111', 'HVAC', 41000, 0),
  ('11111111-1111-1111-1111-111111111111', 'Permits & Fees', 19000, 19300),

  ('22222222-2222-2222-2222-222222222222', 'Site Work', 18000, 17800),
  ('22222222-2222-2222-2222-222222222222', 'Foundation', 24000, 23600),
  ('22222222-2222-2222-2222-222222222222', 'Framing', 46000, 47100),
  ('22222222-2222-2222-2222-222222222222', 'Plumbing', 28000, 24500),
  ('22222222-2222-2222-2222-222222222222', 'Electrical', 26000, 15200),
  ('22222222-2222-2222-2222-222222222222', 'HVAC', 19000, 3800),
  ('22222222-2222-2222-2222-222222222222', 'Permits & Fees', 12000, 12000),

  ('33333333-3333-3333-3333-333333333333', 'Demo', 9000, 9400),
  ('33333333-3333-3333-3333-333333333333', 'Plumbing', 26000, 27100),
  ('33333333-3333-3333-3333-333333333333', 'Electrical', 24000, 23800),
  ('33333333-3333-3333-3333-333333333333', 'Cabinetry', 48000, 47600),
  ('33333333-3333-3333-3333-333333333333', 'Tile & Stone', 31000, 32400),
  ('33333333-3333-3333-3333-333333333333', 'Fixtures & Trim', 22000, 21600),
  ('33333333-3333-3333-3333-333333333333', 'Permits & Fees', 6000, 6100),

  ('44444444-4444-4444-4444-444444444444', 'Design & Engineering', 28000, 11800),
  ('44444444-4444-4444-4444-444444444444', 'Permits & Fees', 21000, 200),

  ('55555555-5555-5555-5555-555555555555', 'Site Work', 36000, 35400),
  ('55555555-5555-5555-5555-555555555555', 'Foundation', 58000, 27600),
  ('55555555-5555-5555-5555-555555555555', 'Framing', 118000, 0),
  ('55555555-5555-5555-5555-555555555555', 'Permits & Fees', 16000, 15900);

insert into punchlist_items (project_id, item, location, trade, status) values
  ('11111111-1111-1111-1111-111111111111', 'Re-square window opening', 'Primary Bedroom', 'Framing', 'Open'),
  ('11111111-1111-1111-1111-111111111111', 'Add blocking for future grab bars', 'Hall Bath', 'Framing', 'In Progress'),
  ('22222222-2222-2222-2222-222222222222', 'Reroute vent conflicting with joist', 'Kitchen', 'MEP', 'Open'),
  ('33333333-3333-3333-3333-333333333333', 'Touch-up paint on ceiling', 'Primary Bath', 'Paint', 'Open'),
  ('33333333-3333-3333-3333-333333333333', 'Adjust cabinet door alignment', 'Kitchen Island', 'Cabinetry', 'In Progress'),
  ('33333333-3333-3333-3333-333333333333', 'Caulk gap at shower surround', 'Primary Bath', 'Tile', 'Open'),
  ('33333333-3333-3333-3333-333333333333', 'Replace scratched tile', 'Mudroom', 'Tile', 'Complete'),
  ('33333333-3333-3333-3333-333333333333', 'Level dishwasher', 'Kitchen', 'Plumbing', 'Complete');

insert into documents (project_id, name, category, doc_date, status) values
  ('11111111-1111-1111-1111-111111111111', 'Building Permit', 'Permit', '2026-02-08', 'Approved'),
  ('11111111-1111-1111-1111-111111111111', 'Site Plan Rev. 3', 'Drawing', '2026-01-30', 'Current'),
  ('11111111-1111-1111-1111-111111111111', 'Structural Engineering Report', 'Engineering', '2026-01-15', 'Current'),
  ('11111111-1111-1111-1111-111111111111', 'Owner Contract & Allowances', 'Contract', '2026-01-05', 'Signed'),

  ('22222222-2222-2222-2222-222222222222', 'Building Permit', 'Permit', '2026-01-18', 'Approved'),
  ('22222222-2222-2222-2222-222222222222', 'Title 24 Energy Report', 'Engineering', '2026-01-10', 'Current'),

  ('33333333-3333-3333-3333-333333333333', 'Kitchen Selections Sheet', 'Selections', '2025-11-20', 'Current'),
  ('33333333-3333-3333-3333-333333333333', 'Owner Contract & Allowances', 'Contract', '2025-10-25', 'Signed'),

  ('44444444-4444-4444-4444-444444444444', 'Preliminary Design Set', 'Drawing', '2026-06-28', 'Draft'),

  ('55555555-5555-5555-5555-555555555555', 'Building Permit', 'Permit', '2026-05-01', 'Approved'),
  ('55555555-5555-5555-5555-555555555555', 'Soils Report', 'Engineering', '2026-04-10', 'Current');

insert into team_members (id, name, role, type, trade, phone) values
  ('a0000000-0000-0000-0000-000000000001', 'Carla Diaz', 'Project Manager', 'Staff', 'Management', '(555) 201-4487'),
  ('a0000000-0000-0000-0000-000000000002', 'Sam Okafor', 'Project Manager', 'Staff', 'Management', '(555) 201-4491'),
  ('a0000000-0000-0000-0000-000000000003', 'Mike Torres', 'Superintendent', 'Staff', 'Field', '(555) 201-3320'),
  ('a0000000-0000-0000-0000-000000000004', 'Jamal Reed', 'Superintendent', 'Staff', 'Field', '(555) 201-3325'),
  ('a0000000-0000-0000-0000-000000000005', 'Ridgeline Framing Co.', 'Subcontractor', 'Subcontractor', 'Framing', '(555) 664-1180'),
  ('a0000000-0000-0000-0000-000000000006', 'Delta Electric', 'Subcontractor', 'Subcontractor', 'Electrical', '(555) 664-2201'),
  ('a0000000-0000-0000-0000-000000000007', 'Coastline Plumbing', 'Subcontractor', 'Subcontractor', 'Plumbing', '(555) 664-3312'),
  ('a0000000-0000-0000-0000-000000000008', 'Apex HVAC', 'Subcontractor', 'Subcontractor', 'HVAC', '(555) 664-4423'),
  ('a0000000-0000-0000-0000-000000000009', 'Summit Drywall', 'Subcontractor', 'Subcontractor', 'Drywall', '(555) 664-5534'),
  ('a0000000-0000-0000-0000-000000000010', 'True Grade Excavation', 'Subcontractor', 'Subcontractor', 'Site Work', '(555) 664-6645');

insert into project_team (project_id, team_member_id) values
  ('11111111-1111-1111-1111-111111111111', 'a0000000-0000-0000-0000-000000000001'),
  ('11111111-1111-1111-1111-111111111111', 'a0000000-0000-0000-0000-000000000003'),
  ('11111111-1111-1111-1111-111111111111', 'a0000000-0000-0000-0000-000000000005'),
  ('11111111-1111-1111-1111-111111111111', 'a0000000-0000-0000-0000-000000000006'),
  ('11111111-1111-1111-1111-111111111111', 'a0000000-0000-0000-0000-000000000007'),
  ('11111111-1111-1111-1111-111111111111', 'a0000000-0000-0000-0000-000000000008'),
  ('11111111-1111-1111-1111-111111111111', 'a0000000-0000-0000-0000-000000000009'),
  ('11111111-1111-1111-1111-111111111111', 'a0000000-0000-0000-0000-000000000010'),

  ('22222222-2222-2222-2222-222222222222', 'a0000000-0000-0000-0000-000000000001'),
  ('22222222-2222-2222-2222-222222222222', 'a0000000-0000-0000-0000-000000000004'),
  ('22222222-2222-2222-2222-222222222222', 'a0000000-0000-0000-0000-000000000005'),
  ('22222222-2222-2222-2222-222222222222', 'a0000000-0000-0000-0000-000000000006'),
  ('22222222-2222-2222-2222-222222222222', 'a0000000-0000-0000-0000-000000000007'),
  ('22222222-2222-2222-2222-222222222222', 'a0000000-0000-0000-0000-000000000008'),
  ('22222222-2222-2222-2222-222222222222', 'a0000000-0000-0000-0000-000000000009'),

  ('33333333-3333-3333-3333-333333333333', 'a0000000-0000-0000-0000-000000000002'),
  ('33333333-3333-3333-3333-333333333333', 'a0000000-0000-0000-0000-000000000003'),
  ('33333333-3333-3333-3333-333333333333', 'a0000000-0000-0000-0000-000000000006'),
  ('33333333-3333-3333-3333-333333333333', 'a0000000-0000-0000-0000-000000000007'),

  ('44444444-4444-4444-4444-444444444444', 'a0000000-0000-0000-0000-000000000002'),
  ('44444444-4444-4444-4444-444444444444', 'a0000000-0000-0000-0000-000000000004'),

  ('55555555-5555-5555-5555-555555555555', 'a0000000-0000-0000-0000-000000000001'),
  ('55555555-5555-5555-5555-555555555555', 'a0000000-0000-0000-0000-000000000003'),
  ('55555555-5555-5555-5555-555555555555', 'a0000000-0000-0000-0000-000000000005'),
  ('55555555-5555-5555-5555-555555555555', 'a0000000-0000-0000-0000-000000000010');

insert into alerts (project_id, text, level) values
  ('22222222-2222-2222-2222-222222222222', 'Rough-In behind schedule — inspection delay, revise trade sequencing', 'high'),
  ('33333333-3333-3333-3333-333333333333', 'Target completion in 7 days — 2 punch list items still open', 'medium'),
  ('33333333-3333-3333-3333-333333333333', 'Budget at 96% spent vs. 91% complete — contingency running thin', 'medium');
